model,setting,level,roc_auc,pr_auc,sensitivity,specificity
ae,"main (patient split, clean pool)",bscan,0.570294465938209,0.6999071363898555,0.105788876276958,0.9234097793163133
ae,"main (patient split, clean pool)",case,0.5032679738562091,0.910597860637663,0.023529411764705882,1.0
ae,expanded,bscan,0.5675228918006022,0.6970858135373539,0.09625425652667423,0.926006057983557
ae,expanded,case,0.49738562091503274,0.9098810034702471,0.029411764705882353,1.0
ae,naive,bscan,0.597789753393426,0.7027789525753503,0.05170036764705882,0.9572758037225042
ae,naive,case,0.6489,0.7468803010152134,0.088,0.9333333333333333
svdd_frozen,"main (patient split, clean pool)",bscan,0.6723971766083445,0.8149899864860846,0.23450624290578886,0.9701427953266984
svdd_frozen,"main (patient split, clean pool)",case,0.8143790849673203,0.9790873707652096,0.4647058823529412,1.0
svdd_frozen,expanded,bscan,0.6710674064865708,0.8143412805811392,0.2279228149829739,0.9714409346603202
svdd_frozen,expanded,case,0.818954248366013,0.9796115706590438,0.4647058823529412,1.0
svdd_frozen,naive,bscan,0.6691414609149497,0.8037835802122635,0.27596507352941174,0.9361252115059222
svdd_frozen,naive,case,0.8762333333333333,0.9306945441277987,0.58,0.9333333333333333
