epoch,train_loss,val_loss,seconds
1,7.2007,5.57952,118.5
2,5.07304,4.57086,117.1
3,4.33084,4.00755,127.1
4,3.94353,3.80941,120.9
5,3.68818,3.52778,114.2
6,3.51708,3.35301,113.3
7,3.36411,3.21688,119.6
8,3.24045,3.10855,119.5
9,3.14448,3.01175,113.6
10,3.053,2.97444,112.8
11,2.98639,2.86057,114.2
12,2.9353,2.80827,113.5
13,2.86644,2.734,113.2
14,2.79292,2.69258,113.1
15,2.75877,2.65966,119.1
16,2.70925,2.62001,119.1
17,2.66895,2.59325,117.9
18,2.62741,2.53897,113.5
19,2.61314,2.50358,112.8
20,2.56909,2.48273,112.5
21,2.53146,2.44427,117.8
22,2.5109,2.4318,114.9
23,2.48234,2.48803,112.7
24,2.46067,2.38181,112.3
25,2.42175,2.33109,112.5
26,2.39349,2.30336,119.4
27,2.36248,2.28371,116.1
28,2.33397,2.28912,116.0
29,2.32084,2.25293,113.6
30,2.29483,2.24543,114.3
31,2.2927,2.20811,117.9
32,2.26409,2.19472,122.9
33,2.2424,2.17572,109.1
34,2.22436,2.17674,106.8
35,2.20451,2.14278,112.2
36,2.19772,2.13131,114.1
37,2.18606,2.12219,114.2
38,2.17141,2.1126,113.7
39,2.15606,2.10744,122.9
40,2.1558,2.11448,119.5
41,2.13317,2.09082,123.0
42,2.12829,2.06426,120.3
43,2.11834,2.07224,121.4
44,2.10915,2.05853,118.1
45,2.08869,2.04773,118.4
46,2.08788,2.04347,117.0
47,2.07931,2.02497,131.5
48,2.08042,2.02046,128.3
49,2.06557,2.01295,138.9
50,2.853730607235533,2.0371438225547034,99.90834832191467
51,2.063559898082586,2.017804873586429,103.30102181434631
52,2.052649279485171,2.0009414616958563,102.36432147026062
53,2.038682470564964,1.9947035851204933,104.57658910751343
54,2.034130135555754,1.9847736707973829,104.48410415649414
55,2.029771953180112,1.9930900776342595,102.5648045539856
56,2.0226249580326052,1.9771732067159389,102.04845666885376
57,2.016061608704285,1.9702319603991014,101.61066818237305
58,2.011064929685454,1.9545380466586941,104.56475687026978
59,1.995079732287103,1.9690995280413692,123.6711835861206
60,1.9905274635914147,1.9366457540910322,401.7434320449829
61,1.990327886607183,1.9423931503761673,426.05287194252014
62,1.98413309733709,1.9462312068403567,121.2018256187439
63,1.9705310872103228,1.9594893146929433,100.62307929992676
64,1.974482996216889,1.9249672418112282,101.73118209838867
65,1.961529559526162,1.9178538398137168,101.0375554561615
66,1.9615812459070723,1.9214313399951828,100.10874199867249
67,1.9446194650173902,1.9069143296452524,103.15753555297852
68,1.9539242329867021,1.901729947044736,101.2742555141449
69,1.9423655528554682,1.8885749390710405,99.31666994094849
70,1.9298591122381565,1.9008773330949311,99.86778116226196
71,1.9389238586540278,1.8892740312513414,100.12517786026001
72,1.9409585139821803,1.8836652437845867,99.24886989593506
73,1.9186560114125362,1.8865440203302217,99.35249710083008
74,1.9275488059123556,1.8812881063337874,98.92668128013611
75,1.9077974613336637,1.8920686882494133,98.97475838661194
76,1.9171336852889946,1.8807073483682524,98.95411992073059
77,1.9079150013353539,1.8675082466395638,98.84422326087952
78,1.9265259890153206,1.8952773132603684,99.25823783874512
79,1.8997864472740826,1.8659919737605093,99.39522075653076
80,1.9044573899803905,1.8795142389188029,99.13700413703918
81,1.9039013110261491,1.8466272255148788,104.31360149383545
82,1.8943210389985032,1.8724647639580845,99.73069524765015
83,1.8952716939028291,1.854882461538536,99.05450105667114
84,1.8839362799495145,1.8491221271882854,99.25808429718018
85,1.8879310017290445,1.8337083229651818,100.66790056228638
86,1.8811697666498348,1.8412690785632757,103.03773498535156
87,1.8763823964823598,1.8543215845967387,102.25392484664917
88,1.880760352691452,1.8881492737012031,102.35976910591125
89,1.8921091032958497,1.8573301644843432,101.87488436698914
90,1.8726439206465415,1.847087159116044,101.69285321235657
91,1.8712756756605538,1.83988892784631,101.94320774078369
92,1.8656437159658015,1.8266908630492196,101.89677262306213
93,1.8624878215932918,1.8221874097328046,101.6033205986023
94,1.8583039311899907,1.8180180859361958,102.78455352783203
95,1.8605662303426493,1.8479957720298907,110.39027500152588
96,1.8618649196004557,1.8233637326511853,106.84973359107971
97,1.8556403970646822,1.818555490146772,110.0667085647583
98,1.8460019022420147,1.8239962510282448,110.8628077507019
99,1.847127835711221,1.801060890831208,103.4448835849762
100,1.856374024987042,1.8699066898033878,102.21493721008301
