epoch,train_dist,val_dist,seconds
1,0.5638394165763622,0.05840307947189089,141.2393090724945
2,0.03141072949300473,0.0214321797438448,144.20973324775696
3,0.01351110649860281,0.011775045167832147,132.0057806968689
4,0.007889177716370223,0.007986434249796419,141.85987997055054
5,0.005440420014555452,0.005696874198313889,137.31399512290955
6,0.004167008696947658,0.004163769957346794,130.16346979141235
7,0.003372858111663214,0.0033850155325017423,137.7281141281128
8,0.0027804844657480046,0.0029146473522733566,141.18269515037537
9,0.002381558276120277,0.002625142507282369,131.0934453010559
10,0.0020570323109862514,0.002871145513613728,126.5347580909729
11,0.0018991197573776735,0.001994687067720043,125.56160879135132
12,0.0016243474686349658,0.0018847342375870589,141.81211066246033
13,0.001484656823275349,0.0015617901998343485,145.76272106170654
14,0.0013368601283909247,0.0014404297711939457,144.3670997619629
15,0.001252115436404731,0.0012255764915465727,137.41023302078247
16,0.0011272451665281333,0.0011878577771713738,141.36876893043518
17,0.0010935499191562785,0.0011271294956897205,139.70952534675598
18,0.001105952764564977,0.0009899478182833418,141.08441829681396
19,0.0009132511374795006,0.0014249076918950157,134.5516951084137
20,0.0007944151828973542,0.0009856478416876042,136.14073586463928
21,0.0008177118702139845,0.001084684379517086,139.51577877998352
22,0.0008021541896172282,0.0007373587443278386,141.99057936668396
23,0.0007664836086661253,0.000831897619552228,143.5961470603943
24,0.0007244095292684062,0.000963708056052817,146.07315397262573
25,0.0008040868142061122,0.0006984853218690526,137.38211941719055
26,0.0005846154560439108,0.0005571967143206078,138.10728693008423
27,0.0006196194875444015,0.0005444572858685247,144.55467867851257
28,0.0006002344638420191,0.0005504532224784112,141.47777938842773
29,0.0006042541374346188,0.0014870066755202228,133.35005974769592
30,0.0006828782519161619,0.0004856048950127193,131.55295705795288
31,0.0005250458184302621,0.0004940928234030766,138.49990963935852
32,0.00046137301402707855,0.0004340396018218936,146.78849816322327
33,0.0005314414831856289,0.000538544219910589,155.97305488586426
34,0.0004654532622562497,0.0004303948169117009,297.56961607933044
35,0.0005095151083051447,0.00047420631407308635,160.86150813102722
36,0.0005027467595518619,0.0004453010588738799,151.40337109565735
37,0.00038924782645302533,0.0004389605761229337,161.5314269065857
38,0.0004944217864136534,0.00034327031669271736,148.3180558681488
39,0.000387408670715628,0.00033897962603122176,157.95537304878235
40,0.000385902301177034,0.00032589427662856415,192.50018882751465
41,0.0003592748598775884,0.0004944042058181705,161.9144265651703
42,0.000506509966463323,0.00031081986896721,191.41264414787292
43,0.0003727269829049373,0.0003158455801006493,186.82696318626404
44,0.0003428114004641177,0.0004162334510658541,185.33181190490723
45,0.0003143501799268156,0.0003104309002176309,184.0819652080536
46,0.00045016974445957487,0.00029103989657173807,183.5463089942932
47,0.0003165588933443851,0.0005847284017683385,181.8092246055603
48,0.0003530664570584638,0.0003626082360890031,183.02977681159973
49,0.00045866641911793094,0.000287948390048211,182.90569400787354
50,0.0003096790212169737,0.00030851953063655975,180.47917437553406
