epoch,beta,train_loss,train_sse,train_kl,val_loss,val_sse,val_kl,seconds
1,0.1,1671.8803944208432,1544.9741789840232,1269.0620934857077,1688.7073698870574,755.2306380685287,933.4767342032967,64.91756343841553
2,0.2,729.3672052395826,563.9181350929371,827.2452950107867,1155.4974810887898,451.3460942269536,704.1513719570361,95.12719440460205
3,0.3,570.5997307430571,414.8194194753627,519.267683402248,753.6694610185821,364.3243415655525,389.3451236263736,51.191988945007324
4,0.4,484.1824212429701,364.6118852883473,298.92633877974146,581.630105192117,320.953860104739,260.6762415102259,54.11717963218689
5,0.5,439.87897397184923,340.837957797258,198.08203955493371,504.5222438490871,314.8549351581578,189.66730310162927,53.34497952461243
6,0.6,423.9936124220558,327.90296466592673,160.15107028611962,437.8014531211248,282.62445031097377,155.177003443605,49.64590811729431
7,0.7,417.1718132167891,318.3516985543553,141.17159611299792,416.4974296299675,263.7017364688263,152.79569930937117,50.01808023452759
8,0.8,411.5923962652713,310.6444780007191,126.18489573155719,392.09981945815684,264.1235888135302,127.97622565151862,49.98239493370056
9,0.9,412.34780254812466,308.8171109480522,115.03410451563673,366.6738805526342,255.94550268524878,110.72838267418345,49.83992290496826
10,1.0,410.3829556837745,304.0687228379815,106.31422974670929,352.6485579680465,247.92372081043956,104.72484338036095,49.96421527862549
11,1.0,395.7587966346454,294.34542503185185,101.41337526673493,345.7365156646468,242.06574507306928,103.67076816954747,50.35147476196289
12,1.0,384.9276510203344,287.062079868059,97.86556895391055,327.7899804121118,235.2490234375,92.54095719818376,50.33357286453247
13,1.0,373.66775998167543,278.84687949443475,94.8208786400036,320.2676024570861,227.98350962730845,92.28408817202762,49.7580451965332
14,1.0,370.2276378209857,276.4028354509286,93.82479979003173,323.9225249610687,232.05738049927504,91.86514226333563,51.27300548553467
15,1.0,361.6603200739774,269.7671865718015,91.89313205186578,307.4370865781083,220.5213842147436,86.91569964323871,49.9701361656189
16,1.0,356.3485130168844,266.541574620318,89.80693746531469,309.5650159302503,220.1759261246566,89.38909189226572,50.014939308166504
17,1.0,350.5367950546318,262.1758526968562,88.36094316689595,317.510250701718,232.3674545940171,85.1427978217529,49.49186682701111
18,1.0,348.5323775474163,261.1473970627892,87.38498338524731,302.21360784397893,215.25933875152626,86.9542717753167,49.77267527580261
19,1.0,342.6718849537073,256.15170939962167,86.52017494342874,298.23915318080356,212.0191645919185,86.21998530982906,55.17739295959473
20,1.0,339.4114072417068,253.97319399445817,85.43821294192018,299.4294553204771,212.3365199795864,87.09293381314866,50.22663950920105
21,1.0,335.83737976471144,250.65319073110774,85.18418975112556,304.93991316165386,219.8802441048535,85.05966987656441,49.521552085876465
22,1.0,333.7941376541542,249.77836159290584,84.01577858020808,291.911129794278,210.59530188778237,81.31582853994964,49.92085838317871
23,1.0,329.7249707922809,246.54871930594203,83.17624901317846,287.72928441458714,205.03857272827,82.69071168631716,49.98690223693848
24,1.0,327.8446094385083,245.1470729261115,82.69753797797337,289.07894204387736,207.81422299488705,81.26472594246032,50.022539377212524
25,1.0,323.8048969553136,241.60893398359335,82.19596168934076,287.3103424929292,205.4266835865957,81.8836668431395,49.5385160446167
26,1.0,319.38265659929573,237.49164963341045,81.89100708801666,290.8584975916824,207.81405993637438,83.04444089710204,49.89778232574463
27,1.0,322.271227761708,240.71330477250345,81.55792337086513,292.6885294372782,207.88471524677578,84.80381527110043,49.544092655181885
28,1.0,317.1175566878898,235.9828423733351,81.13471261998187,290.9622355590373,206.06431301987942,84.8979241786859,49.676753520965576
29,1.0,313.7576499431356,233.38734772659768,80.37030209440658,279.3700450110057,199.74698863419567,79.62305522168803,49.33745980262756
30,1.0,309.77707626701533,229.1487270734977,80.62835104075475,280.5327666006682,196.86343447134462,83.66933209206158,49.89244842529297
31,1.0,310.5282141497995,230.30889993336513,80.21931229286518,276.6824148921012,195.22293288308913,81.45948472913805,49.807021617889404
32,1.0,307.94339743419073,228.03027820062374,79.91311879084073,282.7567826155778,202.6749471773886,80.08183838188721,49.531737089157104
33,1.0,309.18150782239263,229.63341741671618,79.54809051254142,278.0536702846578,196.72611475980617,81.32755220853366,52.8260235786438
34,1.0,306.9265256560165,227.0881364754643,79.8383884324975,276.91458521133814,196.70955016121033,80.20503370869582,51.18650007247925
35,1.0,304.98960144439894,225.3410374620904,79.64856372277936,272.1671351245326,193.75286261589972,78.41427712912088,50.258657932281494
36,1.0,302.9282567156381,223.7644742781547,79.16378178102723,273.74086503435257,194.68289590726116,79.05796595982143,52.07083010673523
37,1.0,303.27901014105686,224.30359076022387,78.9754173961981,273.70296846233737,194.58662461128282,79.11634448450855,49.874351978302
38,1.0,302.00788959543246,222.7737119292068,79.23417751356146,281.34722620925623,200.8040516612294,80.54317711910485,51.87303638458252
39,1.0,300.30369280099035,221.55174034771292,78.7519514762264,270.7368701753162,191.05176705347603,79.68510271195818,50.1621458530426
40,1.0,299.98975158966203,221.1292505383551,78.86050123450397,269.6835200085017,191.88973905868437,77.79378583113935,51.000157594680786
41,1.0,298.92672523395487,220.36043571101956,78.56628998092796,270.88890856322496,192.9791508675786,77.90975709945437,51.24671745300293
42,1.0,295.2887311117717,217.06103039312626,78.22769929886819,283.50560867626297,203.3242679358402,80.18134029327877,51.749308824539185
43,1.0,298.0539295221341,219.54602325576852,78.50790806780343,273.26090345743665,195.23014233487865,78.03075873778998,51.60103940963745
44,1.0,294.11417774011517,215.85027511314252,78.26390215371357,281.7034844665155,203.23987367883853,78.46361261351495,51.5708589553833
45,1.0,294.47532790443074,216.42314931880003,78.05217989854302,274.92418174138146,196.41021020537622,78.51397444244124,54.29999279975891
46,1.0,294.7495662046111,216.49306696805434,78.25649903809327,272.554692269536,194.2571742764614,78.29752067593864,56.917848110198975
47,1.0,292.93793842111484,214.8253190315861,78.11261551185748,270.1427728189508,190.9646973848634,79.1780774834974,51.86486530303955
48,1.0,294.0066072922936,215.81304507234086,78.19356351759865,273.9923024532705,197.1295170487065,76.86278790111798,51.9411518573761
49,1.0,291.17761184669484,213.27298085077695,77.90463194243605,267.0111304016486,189.37742829002593,77.63370112417964,51.808008670806885
50,1.0,291.9106558742017,213.9544000515883,77.95625596001126,266.9749261020013,189.6207464681586,77.35418097527473,52.49411630630493
51,1.0,288.5774742076849,210.9812772597236,77.59619678003064,264.20214499076496,185.90111976781898,78.301026135865,51.91875410079956
52,1.0,287.5228077906141,209.8449101259614,77.67789650440454,269.5519098787226,191.88508041437728,77.66682883089133,51.890848875045776
53,1.0,288.14921225566394,210.41044154889946,77.73877069149809,263.465829348535,186.80779425652472,76.65803082551129,51.365673542022705
54,1.0,286.6940614777604,209.17716035752252,77.51689919666865,264.68368381225434,187.69498519059067,76.98869977678571,52.00478219985962
55,1.0,287.18580257230667,209.47506333733273,77.71073952503596,265.0396766522865,188.4457778278579,76.59389725942461,51.70813202857971
56,1.0,285.6386692797082,208.07796793904765,77.56070100479927,270.2776057763851,192.28221344627593,77.9953878586691,51.6726291179657
57,1.0,286.60770328096174,209.34981162456228,77.25789158006738,268.4219066727001,190.87758419423457,77.54432598109356,51.53262758255005
58,1.0,285.7052590321039,208.04606844437845,77.659191473178,267.46518961588544,189.92461897369125,77.5405744429182,51.653942346572876
59,1.0,285.7513424986419,208.40982454117685,77.3415168888155,266.2443667121859,187.83644247462607,78.40792798239087,51.89428663253784
60,1.0,284.42661062892284,207.2075300345485,77.21908219734867,267.1717421609695,189.52027559571505,77.6514619820284,51.885570764541626
61,1.0,282.9364226943794,205.8197173537941,77.11670587491011,261.81339177281865,185.4439949156746,76.36939221802503,51.34664988517761
62,1.0,282.1647404970796,205.26069858659798,76.90403905566065,262.57413120293063,185.37005876068375,77.20407026241988,51.76132297515869
63,1.0,281.5422046808316,204.37579373182686,77.16641102533688,266.1794639466301,185.97207704946962,80.20738851805746,51.72640323638916
64,1.0,280.5871327081998,203.44612479579632,77.14100727121374,266.5447124998211,188.53758483812194,78.00712956206121,51.821731090545654
65,1.0,281.11040746813836,204.04388998698568,77.06651635143744,260.654534252572,183.2462848295368,77.40824634892017,63.6005163192749
66,1.0,280.66376053016745,203.55727253275074,77.10648799741668,262.11997279724943,184.14974733382937,77.97023094093407,52.55203032493591
67,1.0,278.66451861489827,201.62384280519166,77.04067555017743,261.46856775155726,183.88534691220238,77.58321811922886,52.18954873085022
68,1.0,278.7299597674814,201.9738668162206,76.75609435577164,261.75465340899603,184.23162387200472,77.52302955562233,52.11433815956116
69,1.0,280.51936231177115,203.58763988928058,76.93172245302338,264.44344030806434,185.81556889833257,78.62786947210775,51.94085955619812
70,1.0,277.76839332141657,200.92147050087544,76.8469227289426,258.2998364533551,182.86730733459248,75.43253044156364,51.862788915634155
71,1.0,277.93308609566014,201.03975437425743,76.89333198093188,259.9261987893427,185.01654432806777,74.90964933774993,51.85445475578308
72,1.0,277.8075750369081,201.21169984406265,76.59587258228724,264.3010483999101,187.09942246880723,77.20162408663386,52.11734342575073
73,1.0,277.04553978344154,200.41606972920053,76.62946897032501,261.9891217503064,184.62488702161554,77.3642317290999,52.04837965965271
74,1.0,278.13049087409917,201.53322803980114,76.59726280376516,259.40923082959523,183.8587165059333,75.5505135597909,53.57163071632385
75,1.0,275.7351635641429,199.45492607143416,76.28023917964842,268.6200349316347,191.3299541170635,77.29008228642017,57.5815646648407
76,1.0,275.6836323282491,198.87656584639976,76.80706527580196,261.1182333325583,184.2624010917468,76.85582959520947,58.38169550895691
77,1.0,274.73132855490246,198.22468534071723,76.50664437443331,261.0041702512711,185.87293359851952,75.13123288928954,67.62928891181946
78,1.0,274.40908234879157,198.0167901333479,76.39229221544366,270.90823759235013,193.3640682234432,77.54417126926893,73.59612202644348
79,1.0,274.3437531754158,197.8817294389382,76.46202300368934,262.0748032044724,186.66989117111189,75.40491035657051,56.4265718460083
80,1.0,273.2445479636791,196.769651060882,76.47489907062906,257.70894396436086,181.64232444530296,76.06661745101687,62.951019048690796
81,1.0,273.47573135017217,197.4275837870107,76.04814693723814,259.36973577366643,182.41703123807616,76.95270647321429,64.4788179397583
82,1.0,273.615329240548,197.04219175017195,76.57313611639805,258.72020109407197,183.32742924393315,75.39276771405677,69.63407325744629
83,1.0,272.8879328274977,196.57449574396574,76.31343772472174,262.9806649903238,185.65307348901098,77.3275875329098,60.536417961120605
84,1.0,272.30778444642243,196.1959368356053,76.11184657270041,259.9683182824662,181.38104598309675,78.58727341722947,67.05493235588074
85,1.0,270.8551414837057,194.60031724846797,76.25482266279624,258.17761083283847,182.37342963026558,75.80418163108592,59.98177099227905
86,1.0,272.280021633131,196.01044797300995,76.26957191974894,260.2860327826606,183.6429409078335,76.64309234060211,52.51022124290466
87,1.0,269.5354736083862,193.57207937464827,75.96339392840952,255.99372017922127,179.57712727268392,76.41659244076236,68.619375705719
88,1.0,271.2428977855627,195.0322702855334,76.21062710310233,261.20000699035126,185.2385754707532,75.961426228394,76.90286779403687
89,1.0,271.7130706771843,195.72968430015788,75.98338732354459,259.99671427408856,182.0403830652854,77.95633787870116,68.13147330284119
90,1.0,270.96387981283124,194.73683521448226,76.22704583492919,257.648681528839,181.91089940333106,75.73777955442995,45.9080536365509
91,1.0,268.7708364527723,192.66576904174744,76.10506815907954,262.7672866430038,185.54816545758928,77.21912172571352,46.02880883216858
92,1.0,268.1990888785457,192.31698038960886,75.8821092064587,263.9865924057361,188.42591658558456,75.56067609961653,53.583712100982666
93,1.0,270.4151195928775,194.54546682520947,75.8696518669491,262.0459241669111,185.58526469732524,76.46065833309486,50.00667405128479
94,1.0,267.97342790658024,192.13423130022042,75.83919565984164,259.73576293498166,183.05815584697422,76.67760500133546,55.43224763870239
95,1.0,268.3320968345501,192.2071688920632,76.12493081257426,259.27110566266145,181.42681892218025,77.8442870199462,78.48343348503113
96,1.0,268.1789928777865,192.41392803335262,75.7650638673829,262.5503423781622,184.87784353775564,77.67250472780258,60.182995319366455
97,1.0,266.7939794940195,190.8152605355412,75.97871921800744,263.15703926505626,185.79238984756563,77.36465040493361,50.98975110054016
