patient_id,class_folder,split
NORMAL-003,NORMAL,train
NORMAL-047,NORMAL,train
NORMAL-038,NORMAL,train
NORMAL-079,NORMAL,train
NORMAL-026,NORMAL,train
NORMAL-085,NORMAL,train
NORMAL-072,NORMAL,train
NORMAL-004,NORMAL,train
NORMAL-001,NORMAL,train
NORMAL-046,NORMAL,train
NORMAL-070,NORMAL,train
NORMAL-083,NORMAL,train
NORMAL-089,NORMAL,train
NORMAL-021,NORMAL,train
NORMAL-057,NORMAL,train
NORMAL-093,NORMAL,train
NORMAL-094,NORMAL,train
NORMAL-025,NORMAL,train
NORMAL-090,NORMAL,train
NORMAL-114,NORMAL,train
NORMAL-115,NORMAL,train
NORMAL-056,NORMAL,train
NORMAL-019,NORMAL,train
NORMAL-106,NORMAL,train
NORMAL-029,NORMAL,train
NORMAL-034,NORMAL,train
NORMAL-100,NORMAL,train
NORMAL-120,NORMAL,train
NORMAL-071,NORMAL,train
NORMAL-081,NORMAL,train
NORMAL-028,NORMAL,train
NORMAL-005,NORMAL,train
NORMAL-084,NORMAL,train
NORMAL-060,NORMAL,train
NORMAL-022,NORMAL,train
NORMAL-039,NORMAL,train
NORMAL-099,NORMAL,train
NORMAL-051,NORMAL,train
NORMAL-053,NORMAL,train
NORMAL-052,NORMAL,train
NORMAL-096,NORMAL,train
NORMAL-008,NORMAL,train
NORMAL-077,NORMAL,train
NORMAL-064,NORMAL,train
NORMAL-027,NORMAL,train
NORMAL-074,NORMAL,train
NORMAL-105,NORMAL,train
NORMAL-082,NORMAL,train
NORMAL-011,NORMAL,train
NORMAL-030,NORMAL,train
NORMAL-112,NORMAL,train
NORMAL-118,NORMAL,train
NORMAL-095,NORMAL,train
NORMAL-018,NORMAL,train
NORMAL-040,NORMAL,train
NORMAL-103,NORMAL,train
NORMAL-111,NORMAL,train
NORMAL-110,NORMAL,train
NORMAL-076,NORMAL,train
NORMAL-041,NORMAL,train
NORMAL-117,NORMAL,train
NORMAL-043,NORMAL,train
NORMAL-080,NORMAL,train
NORMAL-006,NORMAL,train
NORMAL-086,NORMAL,train
NORMAL-002,NORMAL,train
NORMAL-069,NORMAL,train
NORMAL-073,NORMAL,train
NORMAL-087,NORMAL,train
NORMAL-102,NORMAL,train
NORMAL-113,NORMAL,train
NORMAL-044,NORMAL,train
NORMAL-092,NORMAL,train
NORMAL-033,NORMAL,train
NORMAL-062,NORMAL,train
NORMAL-058,NORMAL,train
NORMAL-097,NORMAL,train
NORMAL-024,NORMAL,train
NORMAL-116,NORMAL,train
NORMAL-088,NORMAL,train
NORMAL-016,NORMAL,train
NORMAL-049,NORMAL,train
NORMAL-061,NORMAL,train
NORMAL-010,NORMAL,train
NORMAL-063,NORMAL,val
NORMAL-032,NORMAL,val
NORMAL-091,NORMAL,val
NORMAL-017,NORMAL,val
NORMAL-045,NORMAL,val
NORMAL-101,NORMAL,val
NORMAL-068,NORMAL,val
NORMAL-035,NORMAL,val
NORMAL-031,NORMAL,val
NORMAL-059,NORMAL,val
NORMAL-075,NORMAL,val
NORMAL-107,NORMAL,val
NORMAL-119,NORMAL,val
NORMAL-055,NORMAL,val
NORMAL-050,NORMAL,val
NORMAL-007,NORMAL,val
NORMAL-109,NORMAL,val
NORMAL-012,NORMAL,val
NORMAL-104,NORMAL,test
NORMAL-042,NORMAL,test
NORMAL-023,NORMAL,test
NORMAL-020,NORMAL,test
NORMAL-036,NORMAL,test
NORMAL-065,NORMAL,test
NORMAL-048,NORMAL,test
NORMAL-013,NORMAL,test
NORMAL-054,NORMAL,test
NORMAL-108,NORMAL,test
NORMAL-015,NORMAL,test
NORMAL-014,NORMAL,test
NORMAL-067,NORMAL,test
NORMAL-037,NORMAL,test
NORMAL-098,NORMAL,test
NORMAL-066,NORMAL,test
NORMAL-078,NORMAL,test
NORMAL-009,NORMAL,test
DRUSEN-053,DRUSEN,val
DRUSEN-125,DRUSEN,val
DRUSEN-034,DRUSEN,val
DRUSEN-051,DRUSEN,val
DRUSEN-008,DRUSEN,val
DRUSEN-109,DRUSEN,val
DRUSEN-116,DRUSEN,val
DRUSEN-153,DRUSEN,val
DRUSEN-149,DRUSEN,val
DRUSEN-148,DRUSEN,val
DRUSEN-009,DRUSEN,val
DRUSEN-123,DRUSEN,val
DRUSEN-115,DRUSEN,val
DRUSEN-025,DRUSEN,val
DRUSEN-082,DRUSEN,val
DRUSEN-151,DRUSEN,val
DRUSEN-108,DRUSEN,val
DRUSEN-102,DRUSEN,val
DRUSEN-135,DRUSEN,val
DRUSEN-004,DRUSEN,val
DRUSEN-026,DRUSEN,val
DRUSEN-118,DRUSEN,val
DRUSEN-039,DRUSEN,val
DRUSEN-069,DRUSEN,val
DRUSEN-005,DRUSEN,val
DRUSEN-038,DRUSEN,val
DRUSEN-057,DRUSEN,val
DRUSEN-021,DRUSEN,val
DRUSEN-124,DRUSEN,val
DRUSEN-047,DRUSEN,val
DRUSEN-055,DRUSEN,val
DRUSEN-063,DRUSEN,val
DRUSEN-003,DRUSEN,val
DRUSEN-091,DRUSEN,val
DRUSEN-067,DRUSEN,val
DRUSEN-094,DRUSEN,val
DRUSEN-112,DRUSEN,val
DRUSEN-097,DRUSEN,val
DRUSEN-013,DRUSEN,val
DRUSEN-089,DRUSEN,val
DRUSEN-119,DRUSEN,test
DRUSEN-150,DRUSEN,test
DRUSEN-001,DRUSEN,test
DRUSEN-099,DRUSEN,test
DRUSEN-090,DRUSEN,test
DRUSEN-028,DRUSEN,test
DRUSEN-071,DRUSEN,test
DRUSEN-128,DRUSEN,test
DRUSEN-155,DRUSEN,test
DRUSEN-052,DRUSEN,test
DRUSEN-080,DRUSEN,test
DRUSEN-147,DRUSEN,test
DRUSEN-014,DRUSEN,test
DRUSEN-133,DRUSEN,test
DRUSEN-076,DRUSEN,test
DRUSEN-029,DRUSEN,test
DRUSEN-156,DRUSEN,test
DRUSEN-006,DRUSEN,test
DRUSEN-101,DRUSEN,test
DRUSEN-079,DRUSEN,test
DRUSEN-126,DRUSEN,test
DRUSEN-136,DRUSEN,test
DRUSEN-010,DRUSEN,test
DRUSEN-092,DRUSEN,test
DRUSEN-104,DRUSEN,test
DRUSEN-095,DRUSEN,test
DRUSEN-088,DRUSEN,test
DRUSEN-132,DRUSEN,test
DRUSEN-096,DRUSEN,test
DRUSEN-046,DRUSEN,test
DRUSEN-019,DRUSEN,test
DRUSEN-093,DRUSEN,test
DRUSEN-073,DRUSEN,test
DRUSEN-113,DRUSEN,test
DRUSEN-074,DRUSEN,test
DRUSEN-138,DRUSEN,test
DRUSEN-022,DRUSEN,test
DRUSEN-083,DRUSEN,test
DRUSEN-060,DRUSEN,test
DRUSEN-066,DRUSEN,test
DRUSEN-086,DRUSEN,test
DRUSEN-072,DRUSEN,test
DRUSEN-121,DRUSEN,test
DRUSEN-105,DRUSEN,test
DRUSEN-027,DRUSEN,test
DRUSEN-087,DRUSEN,test
DRUSEN-139,DRUSEN,test
DRUSEN-146,DRUSEN,test
DRUSEN-075,DRUSEN,test
DRUSEN-011,DRUSEN,test
DRUSEN-100,DRUSEN,test
DRUSEN-030,DRUSEN,test
DRUSEN-064,DRUSEN,test
DRUSEN-056,DRUSEN,test
DRUSEN-107,DRUSEN,test
DRUSEN-043,DRUSEN,test
DRUSEN-018,DRUSEN,test
DRUSEN-040,DRUSEN,test
DRUSEN-143,DRUSEN,test
DRUSEN-054,DRUSEN,test
DRUSEN-077,DRUSEN,test
DRUSEN-127,DRUSEN,test
DRUSEN-041,DRUSEN,test
DRUSEN-081,DRUSEN,test
DRUSEN-070,DRUSEN,test
DRUSEN-130,DRUSEN,test
DRUSEN-002,DRUSEN,test
DRUSEN-129,DRUSEN,test
DRUSEN-106,DRUSEN,test
DRUSEN-117,DRUSEN,test
DRUSEN-068,DRUSEN,test
DRUSEN-012,DRUSEN,test
DRUSEN-152,DRUSEN,test
DRUSEN-085,DRUSEN,test
DRUSEN-084,DRUSEN,test
DRUSEN-044,DRUSEN,test
DRUSEN-134,DRUSEN,test
DRUSEN-033,DRUSEN,test
DRUSEN-062,DRUSEN,test
DRUSEN-058,DRUSEN,test
DRUSEN-122,DRUSEN,test
DRUSEN-024,DRUSEN,test
DRUSEN-154,DRUSEN,test
DRUSEN-131,DRUSEN,test
DRUSEN-016,DRUSEN,ablation_train
DRUSEN-049,DRUSEN,ablation_train
DRUSEN-120,DRUSEN,ablation_train
DRUSEN-061,DRUSEN,ablation_train
DRUSEN-110,DRUSEN,ablation_train
DRUSEN-032,DRUSEN,ablation_train
DRUSEN-017,DRUSEN,ablation_train
DRUSEN-045,DRUSEN,ablation_train
DRUSEN-145,DRUSEN,ablation_train
DRUSEN-035,DRUSEN,ablation_train
DRUSEN-031,DRUSEN,ablation_train
DRUSEN-059,DRUSEN,ablation_train
DRUSEN-036,DRUSEN,ablation_train
DRUSEN-078,DRUSEN,ablation_train
DRUSEN-050,DRUSEN,ablation_train
DRUSEN-007,DRUSEN,ablation_train
DRUSEN-103,DRUSEN,ablation_train
DRUSEN-140,DRUSEN,ablation_train
DRUSEN-144,DRUSEN,ablation_train
DRUSEN-042,DRUSEN,ablation_train
DRUSEN-111,DRUSEN,ablation_train
DRUSEN-023,DRUSEN,ablation_train
DRUSEN-020,DRUSEN,ablation_train
DRUSEN-065,DRUSEN,ablation_train
DRUSEN-048,DRUSEN,ablation_train
DRUSEN-114,DRUSEN,ablation_train
DRUSEN-141,DRUSEN,ablation_train
DRUSEN-015,DRUSEN,ablation_train
DRUSEN-142,DRUSEN,ablation_train
DRUSEN-037,DRUSEN,ablation_train
DRUSEN-098,DRUSEN,ablation_train
DRUSEN-137,DRUSEN,ablation_train
DRUSEN-157,DRUSEN,excluded
DRUSEN-158,DRUSEN,excluded
DRUSEN-159,DRUSEN,excluded
DRUSEN-160,DRUSEN,excluded
CNV-082,CNV,val
CNV-127,CNV,val
CNV-010,CNV,val
CNV-155,CNV,val
CNV-120,CNV,val
CNV-038,CNV,val
CNV-008,CNV,val
CNV-094,CNV,val
CNV-051,CNV,val
CNV-034,CNV,val
CNV-128,CNV,val
CNV-093,CNV,val
CNV-129,CNV,val
CNV-039,CNV,val
CNV-053,CNV,val
CNV-086,CNV,val
CNV-021,CNV,val
CNV-009,CNV,val
CNV-105,CNV,val
CNV-097,CNV,val
CNV-057,CNV,val
CNV-158,CNV,val
CNV-131,CNV,val
CNV-130,CNV,val
CNV-104,CNV,val
CNV-025,CNV,val
CNV-071,CNV,val
CNV-026,CNV,val
CNV-004,CNV,val
CNV-112,CNV,val
CNV-063,CNV,val
CNV-047,CNV,val
CNV-122,CNV,val
CNV-005,CNV,val
CNV-113,CNV,val
CNV-003,CNV,val
CNV-151,CNV,val
CNV-115,CNV,val
CNV-150,CNV,val
CNV-116,CNV,val
CNV-100,CNV,test
CNV-013,CNV,test
CNV-076,CNV,test
CNV-123,CNV,test
CNV-087,CNV,test
CNV-001,CNV,test
CNV-102,CNV,test
CNV-092,CNV,test
CNV-028,CNV,test
CNV-091,CNV,test
CNV-052,CNV,test
CNV-101,CNV,test
CNV-055,CNV,test
CNV-067,CNV,test
CNV-149,CNV,test
CNV-014,CNV,test
CNV-069,CNV,test
CNV-144,CNV,test
CNV-029,CNV,test
CNV-139,CNV,test
CNV-006,CNV,test
CNV-079,CNV,test
CNV-108,CNV,test
CNV-049,CNV,test
CNV-138,CNV,test
CNV-083,CNV,test
CNV-157,CNV,test
CNV-090,CNV,test
CNV-134,CNV,test
CNV-099,CNV,test
CNV-046,CNV,test
CNV-119,CNV,test
CNV-019,CNV,test
CNV-095,CNV,test
CNV-073,CNV,test
CNV-117,CNV,test
CNV-074,CNV,test
CNV-080,CNV,test
CNV-022,CNV,test
CNV-118,CNV,test
CNV-060,CNV,test
CNV-066,CNV,test
CNV-088,CNV,test
CNV-072,CNV,test
CNV-125,CNV,test
CNV-109,CNV,test
CNV-027,CNV,test
CNV-089,CNV,test
CNV-153,CNV,test
CNV-148,CNV,test
CNV-075,CNV,test
CNV-011,CNV,test
CNV-143,CNV,test
CNV-030,CNV,test
CNV-064,CNV,test
CNV-096,CNV,test
CNV-056,CNV,test
CNV-135,CNV,test
CNV-043,CNV,test
CNV-018,CNV,test
CNV-040,CNV,test
CNV-145,CNV,test
CNV-054,CNV,test
CNV-077,CNV,test
CNV-124,CNV,test
CNV-041,CNV,test
CNV-107,CNV,test
CNV-081,CNV,test
CNV-070,CNV,test
CNV-132,CNV,test
CNV-002,CNV,test
CNV-152,CNV,test
CNV-106,CNV,test
CNV-121,CNV,test
CNV-068,CNV,test
CNV-012,CNV,test
CNV-154,CNV,test
CNV-085,CNV,test
CNV-084,CNV,test
CNV-044,CNV,test
CNV-136,CNV,test
CNV-033,CNV,test
CNV-062,CNV,test
CNV-058,CNV,test
CNV-126,CNV,test
CNV-024,CNV,test
CNV-156,CNV,ablation_train
CNV-133,CNV,ablation_train
CNV-016,CNV,ablation_train
CNV-061,CNV,ablation_train
CNV-110,CNV,ablation_train
CNV-032,CNV,ablation_train
CNV-017,CNV,ablation_train
CNV-045,CNV,ablation_train
CNV-147,CNV,ablation_train
CNV-035,CNV,ablation_train
CNV-031,CNV,ablation_train
CNV-059,CNV,ablation_train
CNV-036,CNV,ablation_train
CNV-078,CNV,ablation_train
CNV-050,CNV,ablation_train
CNV-007,CNV,ablation_train
CNV-103,CNV,ablation_train
CNV-140,CNV,ablation_train
CNV-146,CNV,ablation_train
CNV-042,CNV,ablation_train
CNV-111,CNV,ablation_train
CNV-023,CNV,ablation_train
CNV-020,CNV,ablation_train
CNV-065,CNV,ablation_train
CNV-048,CNV,ablation_train
CNV-114,CNV,ablation_train
CNV-141,CNV,ablation_train
CNV-015,CNV,ablation_train
CNV-142,CNV,ablation_train
CNV-037,CNV,ablation_train
CNV-098,CNV,ablation_train
CNV-137,CNV,ablation_train
CNV-159,CNV,excluded
CNV-160,CNV,excluded
CNV-161,CNV,excluded
